EWO,,parameterization of elapsed time vs altitude,,,,,,,,,,,,,,,max altitude ,,(burst),82496.995512,ft,,,,,,,,,,,,,,,,,
,,using,KA7NSR-15_20260328,,,,Balloon 2,,,,elapse t,altitude ,vert speed,,acceler,,max descent speed,,,-63.563466446281105,mph,after ,5.416666666666667, min ,after burst,,impact speed,,-15.1,mph,,,,,,,,
time,lat,lng,speed,course,altitude (m),,hour,minute,second,total sec,(sec),(ft),(ft/s),(mph),(ft/s2),Gs,,,,,,,,,,,,,,,,,,,,,,
2026-03-28 16:38:54,32.87533,-112.0495,,,418.8,,16,38,54,59934,0,1373.99904,,,,,,,,,,,,,,,,,,,,,,,,,,
2026-03-28 16:45:59,32.87517,-112.05,11,,445.62,,16,45,59,60359,425,1461.990096,1.6498044814004376,1.1248666918639347,,,,,,,,,,,,,,,,,,,,,,,,
2026-03-28 16:46:31,32.87517,-112.0535,37,,648.61,,16,46,31,60391,457,2127.959688,20.292000369230763,13.835454797202795,0.2960358449015317,0.009198045133242771,,,,,,,,,,,,,,,,,,,,,,
2026-03-28 16:47:04,32.87533,-112.0565,31,,847.65,,16,47,4,60424,490,2780.9701199999995,20.892134399999996,14.244637090909087,0.03695018333051562,0.0011480685863184095,,,,,,,,,,,,,,,,,,,,,,
2026-03-28 16:47:36,32.87617,-112.05883,27,,1062.53,,16,47,36,60456,522,3485.9484239999997,22.69376228571428,15.473019740259737,0.050005896209912463,0.0015537189100192261,,,,,,,,,,,,,,,,,,,,,,
2026-03-28 16:47:53,32.87667,-112.06017,29,,1186.59,,16,47,53,60473,539,3892.964471999999,23.342423314285707,15.915288623376618,0.02272647463556926,0.0007061277984326336,,,,,,,,,,,,,,,,,,,,,,
2026-03-28 16:48:11,32.87717,-112.06167,30,,1311.55,,16,48,11,60491,557,4302.933239999999,23.489188897959203,16.015356066790368,0.013421954072328225,0.0004170296991388014,,,,,,,,,,,,,,,,,,,,,,
2026-03-28 16:48:42,32.879,-112.06483,42,,1537.41,,16,48,42,60522,588,5043.934728,24.00009906382979,16.363703907156676,-0.013036107363986317,-0.00040504116633453065,,,,,,,,,,,,,,,,,,,,,,
2026-03-28 16:48:58,32.87983,-112.066,32,,1655.37,,16,48,58,60538,604,5430.9378959999995,22.876491851851846,15.597608080808076,-0.027105952910876755,-0.0008422013163194066,,,,,,,,,,,,,,,,,,,,,,
2026-03-28 16:50:03,32.88,-112.06883,15,,2102.21,,16,50,3,60603,669,6896.930568,21.804516878048773,14.866716053215072,-0.020902350607451763,-0.0006494509620689891,,,,,,,,,,,,,,,,,,,,,,
2026-03-28 16:50:20,32.8795,-112.06867,12,,2200.35,,16,50,20,60620,686,7218.908279999999,21.1624991020408,14.428976660482363,0.0069021411810123185,0.0002144544560814311,,,,,,,,,,,,,,,,,,,,,,
2026-03-28 16:50:52,32.878,-112.06833,19,,2418.28,,16,50,52,60652,718,7933.893023999999,22.142721795918376,15.097310315398893,0.024522875468555437,0.0007619432553233281,,,,,,,,,,,,,,,,,,,,,,
2026-03-28 16:51:09,32.87733,-112.0675,23,,2531.06,,16,51,9,60669,735,8303.901648,22.364120000000018,15.24826363636365,-0.01822835745207202,-0.0005663680849351536,,,,,,,,,,,,,,,,,,,,,,
2026-03-28 16:51:25,32.877,-112.06667,19,,2643.23,,16,51,25,60685,751,8671.908984,21.541186,14.687172272727272,-0.025452238095238666,-0.0007908192158956863,,,,,,,,,,,,,,,,,,,,,,
2026-03-28 16:51:57,32.8765,-112.06483,20,,2846.22,,16,51,57,60717,783,9337.878576,21.14241257142856,14.415281298701291,0.0025513951762530605,7.927367036150468e-05,,,,,,,,,,,,,,,,,,,,,,
2026-03-28 16:52:14,32.87633,-112.06383,20,,2959,,16,52,14,60734,800,9707.8872,21.6662043636364,14.772412066115727,0.021019844155844358,0.0006531015705327696,,,,,,,,,,,,,,,,,,,,,,
2026-03-28 16:52:30,32.87633,-112.06267,24,,3064.15,,16,52,30,60750,816,10052.86332,21.836067428571425,14.88822779220779,0.018060072545529427,0.0005611393526978897,,,,,,,,,,,,,,,,,,,,,,
2026-03-28 16:53:03,32.87633,-112.06,27,,3285.13,,16,53,3,60783,849,10777.854503999999,22.55114791836734,15.375782671614097,0.0002666610124578898,8.285348109380903e-06,,,,,,,,,,,,,,,,,,,,,,
2026-03-28 16:53:19,32.87633,-112.05867,28,,3400.96,,16,53,19,60799,865,11157.869568,21.849133818181862,14.897136694214907,-0.00990123933209733,-0.00030763857762549805,,,,,,,,,,,,,,,,,,,,,,
2026-03-28 16:53:36,32.87667,-112.0575,24,,3504.9,,16,53,36,60816,882,11498.87592,22.22440702040813,15.153004786641908,0.022005031692901054,0.0006837120509412145,,,,,,,,,,,,,,,,,,,,,,
2026-03-28 16:54:08,32.8775,-112.05433,35,,3732.89,,16,54,8,60848,914,12246.865511999998,22.927380371134014,15.632304798500464,-0.001061988392439982,-3.299673783724408e-05,,,,,,,,,,,,,,,,,,,,,,
2026-03-28 16:55:13,32.87867,-112.04733,37,,4182.77,,16,55,13,60913,979,13722.831816,22.12139414634145,15.0827687361419,-0.033481578805403915,-0.0010402965664065651,,,,,,,,,,,,,,,,,,,,,,
2026-03-28 16:55:30,32.87883,-112.04583,30,,4285.79,,16,55,30,60930,996,14060.819831999997,20.181890909090892,13.760380165289243,0.009309876827007995,0.0002892645222345758,,,,,,,,,,,,,,,,,,,,,,
2026-03-28 16:55:46,32.87933,-112.04417,37,,4385.77,,16,55,46,60946,1012,14388.834216,22.428620081632715,15.292240964749578,0.06332826382946434,0.0019676543869444943,,,,,,,,,,,,,,,,,,,,,,
2026-03-28 16:56:19,32.8805,-112.04083,37,,4620.77,,16,56,19,60979,1045,15159.822216,23.284975836734645,15.876119888682712,0.010410959372985768,0.00032347594334372615,,,,,,,,,,,,,,,,,,,,,,
2026-03-28 16:56:35,32.88133,-112.03917,41,,4733.54,,16,56,35,60995,1061,15529.798031999997,22.938757090909018,15.640061652892511,-0.008635377166385398,-0.00026830733604373734,,,,,,,,,,,,,,,,,,,,,,
2026-03-28 16:56:52,32.88217,-112.0375,38,,4851.5,,16,56,52,61012,1078,15916.801199999998,23.000008390243927,15.681823902439042,0.007784841109105435,0.00024188057328156692,,,s,alt (ft),,,,,,,,,,,,,,,,,,
2026-03-28 16:57:57,32.88717,-112.03183,42,,5308.4,,16,57,57,61077,1143,17415.79872,23.577114061855664,16.075305042174314,0.007148387308657518,0.00022210549913913985,,,,,,,,,,,,,,,,,,,,,,
2026-03-28 16:58:29,32.89017,-112.0295,45,,5548.58,,16,58,29,61109,1175,18203.781263999997,23.693401959183706,16.154592244897984,0.019078836965613813,0.0005927930908429949,,,457,2312.9928999999993,,,,,,,,,,,,,,,,,,
2026-03-28 16:58:46,32.892,-112.02817,50,,5662.27,,16,58,46,61126,1192,18576.775416,24.51197707317074,16.71271164079823,0.015087132580311144,0.0004687679846711745,,,490,2976.579999999998,,,,,,,,,,,,,,,,,,
2026-03-28 16:59:51,32.9005,-112.02383,57,,6161.23,,16,59,51,61191,1257,20213.763383999998,24.93054683076922,16.998100111888103,0.006450263809618087,0.00020041430341627748,,,522,3626.5063999999984,,,,,,,,,,,,,,,,,,
2026-03-28 17:00:56,32.90883,-112.01683,63,,6650.13,,17,0,56,61256,1322,21817.746504,25.350511368421092,17.284439569378016,0.00233330850202413,7.249756163323987e-05,,,539,3974.3620999999985,,,,,,,,,,,,,,,,,,
2026-03-28 17:01:45,32.91483,-112.00983,69,,7042.1,,17,1,45,61305,1371,23103.721680000002,25.19654399999997,17.1794618181818,-0.0009545413948106932,-2.9658282881039847e-05,,,557,4344.632899999999,,,,,,,,,,,,,,,,,,
2026-03-28 17:02:02,32.91617,-112.008,48,,7157.01,,17,2,2,61322,1388,23480.718407999997,25.287511636363586,17.241485206611536,0.024638992759453183,0.0007655511024838049,,,588,4987.030399999998,,,,,,,,,,,,,,,,,,
2026-03-28 17:02:51,32.9205,-112.00183,55,,7550.81,,17,2,51,61371,1437,24772.697448,26.82271752212388,18.288216492357193,0.018539975686064747,0.0005760502860265786,,,604,5320.921599999998,,,,,,,,,,,,,,,,,,
2026-03-28 17:03:55,32.9245,-111.99183,58,,8080.86,,17,3,55,61435,1501,26511.685487999996,27.382528888888903,18.66990606060607,0.025362326383454464,0.0007880255947945886,,,669,6693.676099999999,,,,,,,,,,,,,,,,,,
2026-03-28 17:04:12,32.92533,-111.9895,50,,8226.86,,17,4,12,61452,1518,26990.682288,28.877065959183692,19.688908608534337,0.019389877149679362,0.0006024573315103327,,,686,7057.025599999997,,,,,,,,,,,,,,,,,,
2026-03-28 17:05:33,32.93017,-111.98083,43,,8943.44,,17,5,33,61533,1599,29341.637951999997,29.28273684955748,19.965502397425556,-0.001974564699429845,-6.135113546774988e-05,,,718,7745.838399999999,,,,,,,,,,,,,,,,,,
2026-03-28 17:06:05,32.93317,-111.97817,47,,9235.44,,17,6,5,61565,1631,30299.631551999995,28.65394014814812,19.536777373737355,-0.009964946848362806,-0.00030961801565649585,,,735,8114.352499999999,,,,,,,,,,,,,,,,,,
2026-03-28 17:08:15,32.9485,-111.967,55,,10358.32,,17,8,15,61695,1761,33983.57625599999,27.668415460122706,18.864828722810934,-0.007119209270619558,-0.00022119891665801529,,,751,8462.826099999998,,,,,,,,,,,,,,,,,,
2026-03-28 17:08:48,32.95267,-111.9635,62,,10610.09,,17,8,48,61728,1794,34809.583271999996,27.493509037037132,18.745574343434406,0.014155537909216661,0.00043982267288480715,,,783,9164.534899999999,,,,,,,,,,,,,,,,,,
2026-03-28 17:09:36,32.961,-111.95883,77,,11037.11,,17,9,36,61776,1842,36210.550488,28.815014030769255,19.64660047552449,0.013978717253836948,0.0004343287288348454,,,800,9539.899999999998,,,,,,,,,,,,,,,,,,
2026-03-28 17:09:53,32.964,-111.9575,75,,11180.98,,17,9,53,61793,1859,36682.559184,28.402125658536534,19.36508567627491,0.003257067012243007,0.00010119939830452729,,,816,9894.821599999997,,,,,,,,,,,,,,,,,,
2026-03-28 17:10:58,32.97717,-111.95067,88,,11746.99,,17,10,58,61858,1924,38539.524792,29.082093525773182,19.828700131208986,0.008526477747046115,0.00026492375330766757,,,849,10631.860099999998,,,,,,,,,,,,,,,,,,
2026-03-28 17:11:30,32.98417,-111.94783,92,,12040.82,,17,11,30,61890,1956,39503.522256,29.229194000000007,19.92899590909091,-0.020034599968758116,-0.0006224893299674465,,,865,10991.642499999998,,,,,,,,,,,,,,,,,,
2026-03-28 17:11:46,32.98683,-111.94683,70,,12174.63,,17,11,46,61906,1972,39942.526104,28.120432727272792,19.17302231404963,0.007265304885589613,0.00022573821175827724,,,882,11375.650399999999,,,,,,,,,,,,,,,,,,
2026-03-28 17:12:03,32.9895,-111.94517,71,,12323.67,,17,12,3,61923,1989,40431.496536,29.468949061224464,20.09246526901668,0.03270624073069393,0.0010162062586700944,,,914,12103.349599999998,,,,,,,,,,,,,,,,,,
2026-03-28 17:12:35,32.9945,-111.9425,68,,12614.76,,17,12,35,61955,2021,41386.504607999996,29.723038523076795,20.265708083915996,0.004971008063713465,0.00015445277088981882,,,979,13601.034099999997,,,,,,,,,,,,,,,,,,
2026-03-28 17:13:08,32.99917,-111.93883,68,,12912.55,,17,13,8,61988,2054,42363.49403999999,29.79206458536584,20.31277130820398,0.0024313621013158006,7.554415699422286e-05,,,996,13997.057599999996,,,,,,,,,,,,,,,,,,
2026-03-28 17:13:57,33.00433,-111.93133,66,,13359.38,,17,13,57,62037,2103,43829.453903999995,29.92241021538469,20.40164332867138,0.0054415833020639275,0.00016907387963553084,,,1012,14371.422399999996,,,,,,,,,,,,,,,,,,
2026-03-28 17:14:13,33.006,-111.928,81,,13505.38,,17,14,13,62053,2119,44308.450703999995,30.145767499999994,20.55393238636363,0.017241068429484585,0.0005356923098703639,,,1045,15148.5625,,,,,,,,,,,,,,,,,,
2026-03-28 17:14:45,33.009,-111.92217,72,,13800.43,,17,14,45,62085,2151,45276.450743999994,30.74998149999995,20.965896477272693,0.0036437511574067827,0.00011321395086896035,,,1061,15527.788099999998,,,,,,,,,,,,,,,,,,
2026-03-28 17:15:01,33.01033,-111.91933,68,,13955.27,,17,15,1,62101,2167,45784.44981599999,30.32066755555552,20.6731824242424,-0.00047034694740307923,-1.4614015582928834e-05,,,1078,15932.454399999999,,,,,,,,,,,,,,,,,,
2026-03-28 17:16:06,33.014,-111.911,49,,14549.02,,17,16,6,62166,2232,47732.42481599999,30.7118833972603,20.93992049813202,0.007680138575719925,0.00023862739078954432,,,1143,17496.2309,,,,,,,,,,,,,,,,,,
2026-03-28 17:17:27,33.0195,-111.89933,55,,15321.99,,17,17,27,62247,2313,50268.384792,31.44196778761063,21.43770530973452,0.026759044411239045,0.0008314226214696848,,,1175,18275.712499999998,,,,,,,,,,,,,,,,,,
2026-03-28 17:17:59,33.02183,-111.89567,48,,15631.97,,17,17,59,62279,2345,51285.36717599999,33.735655415730314,23.00158323799794,0.021663904276429988,0.0006731129784743953,,,1192,18692.394399999997,,,,,,,,,,,,,,,,,,
2026-03-28 17:20:25,33.0275,-111.87867,42,,17152.32,,17,20,25,62425,2491,56273.33145599999,35.29814274881517,24.066915510555795,0.01189907105060212,0.00036971263599347497,,,1257,20302.1129,,,,,,,,,,,,,,,,,,
2026-03-28 17:21:30,33.028,-111.87233,33,,17902.12,,17,21,30,62490,2556,58733.27529599999,36.24635940740736,24.713426868686838,-0.1157102726191163,-0.003595200811862734,,,1322,21938.0264,,,,,,,,,,,,,,,,,,
2026-03-28 17:21:46,33.0285,-111.87117,27,,18047.21,,17,21,46,62506,2572,59209.28656799999,25.925610666666746,17.67655272727278,-0.15469073801344083,-0.004806351711954123,,,1371,23188.570099999997,,,,,,,,,,,,,,,,,,
2026-03-28 17:22:51,33.0295,-111.8635,40,,18542.2,,17,22,51,62571,2637,60833.24976,23.716409628318655,16.170279292035445,-0.014030592342548347,-0.0004359405248908843,,,1388,23625.910399999997,,,,,,,,,,,,,,,,,,
2026-03-28 17:23:39,33.02833,-111.85817,38,,18864.07,,17,23,39,62619,2685,61889.240856,24.340153731958782,16.59555936269917,0.028137753236999533,0.0008742600893755164,,,1437,24896.5049,,,,,,,,,,,,,,,,,,
2026-03-28 17:24:28,33.02733,-111.855,23,,19261.84,,17,24,28,62668,2734,63194.244672,26.44577169230761,18.031207972027914,0.001749791536298062,5.4367272753707366e-05,,,1501,26578.4761,,,,,,,,,,,,,,,,,,
2026-03-28 17:24:44,33.02733,-111.8535,31,,19388.02,,17,24,44,62684,2750,63608.21601599999,24.453890181818156,16.673106942148742,-0.11661398328500401,-0.0036232797476922545,,,1518,27029.5184,,,,,,,,,,,,,,,,,,
2026-03-28 17:25:01,33.02717,-111.85233,23,,19507.81,,17,25,1,62701,2767,64001.223048,22.597510243902477,15.407393348115326,-0.03900457794049477,-0.0012119000941223522,,,1599,29203.210099999997,,,,,,,,,,,,,,,,,,
2026-03-28 17:26:06,33.0245,-111.8495,22,,19952.82,,17,26,6,62766,2832,65461.211855999994,21.255514790697585,14.4923964482029,-0.02369182359614329,-0.0007361218801008262,,,1631,30073.162099999994,,,,,,,,,,,,,,,,,,
2026-03-28 17:27:10,33.0225,-111.84783,15,,20343.57,,17,27,10,62830,2896,66743.18445599999,19.541264999999992,13.323589772727267,-0.00378521240309763,-0.0001176092528057983,,,1761,33672.6281,,,,,,,,,,,,,,,,,,
2026-03-28 17:27:42,33.0215,-111.84733,14,,20524.62,,17,27,42,62862,2928,67337.173296,20.892134400000213,14.244637090909237,0.04942068994082738,0.0015355361332778095,,,1794,34603.0136,,,,,,,,,,,,,,,,,,
2026-03-28 17:28:15,33.02167,-111.84683,5,,20757.49,,17,28,15,62895,2961,68101.173192,22.753609846153772,15.513824895104845,0.01095282461538049,0.00034031208343122135,,,1842,35968.3544,,,,,,,,,,,,,,,,,,
2026-03-28 17:28:47,33.02217,-111.8455,15,,20975.42,,17,28,47,62927,2993,68816.15793599999,21.604067999999945,14.730046363636326,-0.015961964387463706,-0.0004959496337341862,,,1859,36455.33809999999,,,,,,,,,,,,,,,,,,
2026-03-28 17:29:03,33.02217,-111.84467,17,,21073.57,,17,29,3,62943,3009,69138.168456,21.987435555555514,14.991433333333305,0.00900036381960186,0.00027964773203677294,,,1924,38333.8576,,,,,,,,,,,,,,,,,,
2026-03-28 17:30:08,33.022,-111.84183,15,,21518.27,,17,30,8,63008,3074,70597.14021599999,22.333097469387695,15.227111910946157,-0.004678400325599984,-0.00014536123948287347,,,1956,39268.2896,,,,,,,,,,,,,,,,,,
2026-03-28 17:31:30,33.02267,-111.83617,23,,22074.23,,17,31,30,63090,3156,72421.13378399999,21.299710707692316,14.522530027972033,-0.018431430533750324,-0.0005726777106199927,,,1972,39737.886399999996,,,,,,,,,,,,,,,,,,
2026-03-28 17:32:18,33.02233,-111.83383,17,,22362.26,,17,32,18,63138,3204,73366.10260799999,19.937011500000153,13.593416931818286,-0.015264395192303493,-0.00047427566062874124,,,1989,40238.57209999999,,,,,,,,,,,,,,,,,,
2026-03-28 17:32:34,33.02233,-111.83283,21,,22463.15,,17,32,34,63154,3220,73697.10252,20.322789415384893,13.856447328671518,0.01161917644970114,0.0003610161108395885,,,2021,41185.90009999999,,,,,,,,,,,,,,,,,,
2026-03-28 17:33:23,33.022,-111.8295,23,,22764.9,,17,33,23,63203,3269,74687.08392,20.692257969230727,14.10835770629368,0.059411599526619945,0.001845960829729129,,,2054,42169.4816,,,,,,,,,,,,,,,,,,
2026-03-28 17:33:39,33.022,-111.8285,21,,22873.11,,17,33,39,63219,3285,75042.099288,24.18454338461519,16.489461398601264,0.028616559177826142,0.0008891369319256233,,,2103,43642.406899999994,,,,,,,,,,,,,,,,,,
2026-03-28 17:34:28,33.023,-111.82533,23,,23244.05,,17,34,28,63268,3334,76259.07923999999,22.552334315789427,15.376591578947338,-0.032278179807168975,-0.0010029061000502157,,,2119,44126.5861,,,,,,,,,,,,,,,,,,
2026-03-28 17:35:33,33.02233,-111.82183,19,,23656.75,,17,35,33,63333,3399,77613.06539999999,20.504830886597926,13.980566513589496,-0.01264874478674704,-0.0003930055344009679,,,2151,45099.706099999996,,,,,,,,,,,,,,,,,,
2026-03-28 17:37:42,33.01967,-111.81133,29,,24456.54,,17,37,42,63462,3528,80237.01643199999,20.0984778271605,13.703507609427612,-0.19857800579562554,-0.00616996046673015,,,2167,45588.64689999999,,,,,,,,,,,,,,,,,,
2026-03-28 17:39:36,33.01767,-111.8005,33,,25145.39,,17,39,36,63576,3642,82496.995512,-27.749624521739083,-18.920198537549375,-0.3234528248768951,-0.01004991028259483,,,2232,47591.2904,,,,,,,,,,,,,,,,,,
2026-03-28 17:42:18,33.01367,-111.78383,36,,22122.08,,17,42,18,63738,3804,72578.120064,-69.17450183886255,-47.16443307195174,-0.3103165541839173,-0.00964175697009075,,,2313,50123.552899999995,,,,,,,,,,,,,,,,,,
2026-03-28 17:43:07,33.014,-111.781,20,,20696.53,,17,43,7,63787,3853,67901.175624,-93.22641745454563,-63.563466446281105,-0.2014257173456181,-0.006258440898456249,,,2345,51135.1625,,,,,,,,,,,,,,,,,,
2026-03-28 17:43:24,33.014,-111.78083,3,,20246.64,,17,43,24,63804,3870,66425.17651199999,-82.46859918367335,-56.228590352504554,0.29035688682746374,0.009021595849905327,,,2491,57864.698000000004,,,,,,,,,,,,,,,,,,
2026-03-28 17:43:56,33.01267,-111.78017,18,,19464.83,,17,43,56,63836,3902,63860.214264,-78.9989299999999,-53.86290681818175,0.08660267570152176,0.0026908069866577932,,,2556,59273.768000000004,,,,,,,,,,,,,,,,,,
2026-03-28 17:44:12,33.01267,-111.779,25,,19090.84,,17,44,12,63852,3918,62633.227871999996,-78.3116707500003,-53.3943209659093,0.0794355156249984,0.002468118204213338,,,2572,59620.616,,,,,,,,,,,,,,,,,,
2026-03-28 17:44:28,33.01217,-111.77767,31,,18701,,17,44,28,63868,3934,61354.24079999999,-76.45699349999995,-52.12976829545451,0.18600630985577768,0.005779348895031498,,,2637,61029.686,,,,,,,,,,,,,,,,,,
2026-03-28 17:45:00,33.01233,-111.77383,40,,17972.23,,17,45,0,63900,3966,58963.292184,-69.38336787692297,-47.30684173426567,0.19432366389324898,0.006037775025324155,,,2685,62070.23,,,,,,,,,,,,,,,,,,
2026-03-28 17:45:33,33.01267,-111.771,29,,17326.36,,17,45,33,63933,3999,56844.321888,-63.82595534693877,-43.51769682745825,0.07561435749813997,0.002349392092097449,,,2734,63132.452000000005,,,,,,,,,,,,,,,,,,
2026-03-28 17:46:38,33.01383,-111.76333,40,,16065.7,,17,46,38,63998,4064,52708.34856,-61.97316084210526,-42.254427846889946,0.049493238535900465,0.0015377902699417582,,,2750,63479.3,,,,,,,,,,,,,,,,,,
2026-03-28 17:47:27,33.01683,-111.75833,42,,15172.94,,17,47,27,64047,4113,49779.381552,-58.183726153846116,-39.67072237762235,0.09992050526315556,0.0031046014628824145,,,2767,63847.82600000001,,,,,,,,,,,,,,,,,,
2026-03-28 17:47:43,33.018,-111.7565,48,,14912.95,,17,47,43,64063,4129,48926.40636,-55.47832800000015,-37.82613272727283,0.059110410518049626,0.0018366026721202491,,,2832,65256.89600000001,,,,,,,,,,,,,,,,,,
2026-03-28 17:48:15,33.02,-111.7525,49,,14361.26,,17,48,15,64095,4161,47116.42180799999,-55.346426448979734,-37.73619985157709,0.10378040816326949,0.0032245314027753076,,,2896,66644.288,,,,,,,,,,,,,,,,,,
2026-03-28 17:48:32,33.02117,-111.75067,45,,14086.33,,17,48,32,64112,4178,46214.431463999994,-50.39308799999994,-34.3589236363636,0.17340230148423075,0.005387733353002052,,,2928,67337.984,,,,,,,,,,,,,,,,,,
2026-03-28 17:48:48,33.02217,-111.7485,52,,13854.38,,17,48,48,64128,4194,45453.449903999994,-49.62415050000012,-33.8346480681819,0.018454500000001445,0.0005733944954128891,,,2961,68053.35800000001,,,,,,,,,,,,,,,,,,
2026-03-28 17:49:20,33.02517,-111.7425,73,,13360.3,,17,49,20,64160,4226,43832.47223999999,-49.50727199999987,-33.7549581818181,0.015378750000004205,0.0004778287461775007,,,2993,68747.054,,,,,,,,,,,,,,,,,,
2026-03-28 17:49:53,33.02883,-111.73667,74,,12873.53,,17,49,53,64193,4259,42235.477224,-48.624531749999846,-33.15308982954535,0.05611107812499527,0.0017434112725108965,,,3009,69093.902,,,,,,,,,,,,,,,,,,
2026-03-28 17:50:24,33.03383,-111.73267,78,,12411.76,,17,50,24,64224,4290,40720.502208,-45.916163000000175,-31.306474772727395,0.07613360753675691,0.002365525561651534,,,3074,70502.97200000001,,,,,,,,,,,,,,,,,,
2026-03-28 17:50:41,33.03617,-111.73083,66,,12201.75,,17,50,41,64241,4307,40031.501399999994,-44.970118588235515,-30.66144449197876,-0.06861133823528283,-0.002131803281964831,,,3156,72280.568,,,,,,,,,,,,,,,,,,
2026-03-28 17:50:58,33.03967,-111.72917,89,,11945.72,,17,50,58,64258,4324,39191.51817599999,-48.24894849999979,-32.89701034090895,0.0015646789215759682,4.861569160476661e-05,,,3204,73321.11200000001,,,,,,,,,,,,,,,,,,
2026-03-28 17:51:29,33.04617,-111.726,91,,11495.84,,17,51,29,64289,4355,37715.551872000004,-44.89501399999987,-30.610236818181725,0.10683959374999175,0.0033195824838597506,,,3220,73667.96,,,,,,,,,,,,,,,,,,
2026-03-28 17:51:46,33.0495,-111.72433,85,,11288.88,,17,51,46,64306,4372,37036.557504,-43.12064800000019,-29.400441818181946,0.08332486363636263,0.0025889630247428103,,,3269,74730.182,,,,,,,,,,,,,,,,,,
2026-03-28 17:52:02,33.05283,-111.72233,93,,11062.11,,17,52,2,64322,4388,36292.570488,-42.1452934999999,-28.73542738636357,0.07139552721088786,0.002218310021936169,,,3285,75077.03,,,,,,,,,,,,,,,,,,
2026-03-28 17:52:34,33.05817,-111.71983,72,,10672.27,,17,52,34,64354,4420,35013.583416,-39.69366269387757,-27.063860927643795,0.04007034601112721,0.001245014269260525,,,3334,76139.25200000001,,,,,,,,,,,,,,,,,,
2026-03-28 17:52:51,33.0605,-111.7185,61,,10469.27,,17,52,51,64371,4437,34347.581016,-40.18184654545467,-27.396713553719092,0.03680797557204692,0.0011436500896963959,,,3399,77548.322,,,,,,,,,,,,,,,,,,
2026-03-28 17:53:07,33.06283,-111.717,66,,10268.1,,17,53,7,64387,4453,33687.58248,-38.47899950000002,-26.235681477272742,0.040260480113639474,0.0012509218716215097,,,3528,80344.784,,,,,,,,,,,,,,,,,,
2026-03-28 17:53:39,33.067,-111.71417,60,,9906.3,,17,53,39,64419,4485,32500.589039999995,-38.24934349999997,-26.079097840909075,-0.045979614583332516,-0.0014286194642654634,,,3642,82816.076,,,,,,,,,,,,,,,,,,
2026-03-28 17:53:55,33.06917,-111.71267,63,,9708.49,,17,53,55,64435,4501,31851.613992,-40.68602099999998,-27.74046886363635,0.015459392538265337,0.000480334367437088,,,,,,,,,,,,,,,,,,,,,,
2026-03-28 17:54:11,33.07117,-111.71117,59,,9509.46,,17,54,11,64451,4517,31198.636367999996,-37.75464293877548,-25.741802003710553,0.06397799125364502,0.0019878418820564706,,,,,,,,,,,,,,,,,,,,,,
2026-03-28 17:54:44,33.07483,-111.70783,56,,9144.61,,17,54,44,64484,4550,30001.636488,-37.551099428571376,-25.6030223376623,-0.041348618596417336,-0.0012847311114422423,,,,,,,,,,,,,,,,,,,,,,
2026-03-28 17:55:00,33.07633,-111.70617,51,,8948.62,,17,55,0,64500,4566,29358.632496,-39.78072524999993,-27.12322176136359,0.03128058673469147,0.0009719101707960727,,,,,,,,,,,,,,,,,,,,,,
2026-03-28 17:55:16,33.0775,-111.7045,46,,8756.6,,17,55,16,64516,4582,28728.653280000002,-36.55012065306125,-24.920536808905396,0.11506755237400826,0.003575231034809151,,,,,,,,,,,,,,,,,,,,,,
2026-03-28 17:55:49,33.07917,-111.70083,42,,8402.73,,17,55,49,64549,4615,27567.676583999997,-34.14241518367353,-23.27891944341377,0.07058732316080503,0.002193198544871612,,,,,,,,,,,,,,,,,,,,,,
2026-03-28 17:56:05,33.07967,-111.699,40,,8246.67,,17,56,5,64565,4631,27055.674936,-33.0913418181818,-22.562278512396684,-0.042059977736549355,-0.0013068335479868962,,,,,,,,,,,,,,,,,,,,,,
2026-03-28 17:56:22,33.08017,-111.69667,47,,8069.88,,17,56,22,64582,4648,26475.662303999998,-35.530394448979656,-24.22526894248613,-0.024905269016697353,-0.000773824495973899,,,,,,,,,,,,,,,,,,,,,,
2026-03-28 17:56:54,33.0815,-111.69133,58,,7716.01,,17,56,54,64614,4680,25314.685607999996,-34.31169999999997,-23.394340909090893,0.07356909789540778,0.002285844415492995,,,,,,,,,,,,,,,,,,,,,,
2026-03-28 17:57:10,33.0825,-111.68933,49,,7567.88,,17,57,10,64630,4696,24828.700704,-31.999077750000083,-21.817553011363692,0.045463211734691145,0.0014125744589374148,,,,,,,,,,,,,,,,,,,,,,
2026-03-28 17:57:26,33.08383,-111.68683,62,,7403.9,,17,57,26,64646,4712,24290.715119999993,-32.85687722448986,-22.402416289424902,0.007062311432738792,0.00021943106019797987,,,,,,,,,,,,,,,,,,,,,,
2026-03-28 17:57:59,33.0865,-111.68267,53,,7077.15,,17,57,59,64679,4745,23218.713719999996,-31.653024489795882,-21.58160760667901,0.01558115254061163,0.00048411753767235954,,,,,,,,,,,,,,,,,,,,,,
2026-03-28 17:58:15,33.08767,-111.68067,51,,6931.15,,17,58,15,64695,4761,22739.716919999995,-32.09340074999989,-21.881864147727196,-0.04012990656887716,-0.0012468648583286407,,,,,,,,,,,,,,,,,,,,,,
2026-03-28 17:58:31,33.08933,-111.6785,62,,6764.12,,17,58,31,64711,4777,22191.724896,-32.93718149999995,-22.45716920454542,0.02575984215560867,0.000800376693745685,,,,,,,,,,,,,,,,,,,,,,
2026-03-28 17:59:03,33.09283,-111.674,64,,6449.26,,17,59,3,64743,4809,21158.732207999998,-30.85692832653067,-21.038814768089093,0.04325578571428534,0.0013439881559147498,,,,,,,,,,,,,,,,,,,,,,
2026-03-28 17:59:20,33.095,-111.67217,63,,6303.26,,17,59,20,64760,4826,20679.735407999997,-30.81764799999997,-21.012032727272707,-0.009372868893009815,-0.0002912217307148991,,,,,,,,,,,,,,,,,,,,,,
2026-03-28 17:59:36,33.097,-111.67033,63,,6139.28,,17,59,36,64776,4842,20141.749824,-31.166232999999995,-21.249704318181813,0.0007010256410246255,2.1781367347085033e-05,,,,,,,,,,,,,,,,,,,,,,
2026-03-28 18:00:08,33.10083,-111.66767,55,,5847.28,,18,0,8,64808,4874,19183.756223999997,-30.783998769230788,-20.989090069930082,0.023074577622377634,0.0007169436068518642,,,,,,,,,,,,,,,,,,,,,,
2026-03-28 18:00:41,33.10533,-111.6655,59,,5529.38,,18,0,41,64841,4907,18140.789903999997,-29.66638545454545,-20.227080991735534,0.007775011655012517,0.00024157516512259255,,,,,,,,,,,,,,,,,,,,,,
2026-03-28 18:01:14,33.10883,-111.66333,48,,5250.48,,18,1,14,64874,4940,17225.774783999997,-30.270847999999962,-20.639214545454518,-0.02256067803030219,-0.000700976379493173,,,,,,,,,,,,,,,,,,,,,,
2026-03-28 18:01:29,33.11017,-111.66183,49,,5086.5,,18,1,29,64889,4955,16687.7892,-30.749297999999953,-20.965430454545423,-0.0019437031250006953,-6.0392244308550326e-05,,,,,,,,,,,,,,,,,,,,,,
2026-03-28 18:01:46,33.11133,-111.66067,36,,4950.56,,18,1,46,64906,4972,16241.797247999999,-30.333046499999984,-20.681622613636353,-0.01258779166666731,-0.0003911116774266822,,,,,,,,,,,,,,,,,,,,,,
2026-03-28 18:02:17,33.11317,-111.65717,45,,4642.71,,18,2,17,64937,5003,15231.802968,-31.353511999999984,-21.377394545454536,0.05474282169117591,0.0017008985678878925,,,,,,,,,,,,,,,,,,,,,,
2026-03-28 18:02:34,33.11383,-111.65567,33,,4491.84,,18,2,34,64954,5020,14736.828672,-27.70539105882354,-18.890039358288778,0.07779838235294095,0.0024172513041913948,,,,,,,,,,,,,,,,,,,,,,
2026-03-28 18:02:51,33.11417,-111.65417,31,,4355.59,,18,2,51,64971,5037,14289.819672,-28.708366999999992,-19.573886590909083,-0.013504988357843084,-0.0004196096336937749,,,,,,,,,,,,,,,,,,,,,,
2026-03-28 18:03:22,33.11417,-111.65033,42,,4071.82,,18,3,22,65002,5068,13358.827056,-28.35363050000001,-19.33202079545455,0.01224863068181666,0.0003805737033947571,,,,,,,,,,,,,,,,,,,,,,
2026-03-28 18:03:39,33.11433,-111.64867,33,,3940.76,,18,3,39,65019,5085,12928.845408,-28.120432727272792,-19.17302231404963,0,0,,,,,,,,,,,,,,,,,,,,,,
2026-03-28 18:03:55,33.11433,-111.64667,42,,3788.97,,18,3,55,65035,5101,12430.852775999998,-28.35363050000001,-19.33202079545455,0.016401410984850484,0.0005096035533727287,,,,,,,,,,,,,,,,,,,,,,
2026-03-28 18:04:27,33.11417,-111.64383,30,,3525.93,,18,4,27,65067,5133,11567.871143999999,-27.33316499999997,-18.636248863636343,0.0376662869318188,0.0011703184366601992,,,,,,,,,,,,,,,,,,,,,,
2026-03-28 18:04:43,33.11433,-111.642,39,,3389.07,,18,4,43,65083,5149,11118.860856,-26.545648727272706,-18.099305950413207,0.045076586013985405,0.0014005617216626203,,,,,,,,,,,,,,,,,,,,,,
2026-03-28 18:05:00,33.11467,-111.64,40,,3258.92,,18,5,0,65100,5166,10691.864736,-25.84563766153845,-17.62202567832167,-0.0014530349650357266,-4.51468341376835e-05,,,,,,,,,,,,,,,,,,,,,,
2026-03-28 18:05:48,33.115,-111.63617,27,,2877.01,,18,5,48,65148,5214,9438.894408,-26.640096000000028,-18.16370181818184,-0.006966770913462206,-0.00021646254802793575,,,,,,,,,,,,,,,,,,,,,,
2026-03-28 18:06:04,33.1145,-111.635,28,,2739.24,,18,6,4,65164,5230,8986.898591999998,-26.291511000000032,-17.926030227272747,0.030339030612245965,0.0009426553496016476,,,,,,,,,,,,,,,,,,,,,,
2026-03-28 18:06:36,33.1135,-111.63383,18,,2492.35,,18,6,36,65196,5262,8176.9018799999985,-25.183822530612222,-17.170788089053787,0.01709130426716339,0.000531039030383784,,,,,,,,,,,,,,,,,,,,,,
2026-03-28 18:06:53,33.11283,-111.63333,19,,2363.11,,18,6,53,65213,5279,7752.891287999999,-25.454037090909026,-17.355025289256155,0.03652350092764334,0.0011348112593197646,,,,,,,,,,,,,,,,,,,,,,
2026-03-28 18:07:09,33.1125,-111.63333,8,,2236.32,,18,7,9,65229,5295,7336.918656000001,-23.978546999999992,-16.34900931818181,0.03637825189393751,0.00113029826810402,,,,,,,,,,,,,,,,,,,,,,
2026-03-28 18:07:41,33.11233,-111.63317,3,,2012.29,,18,7,41,65261,5327,6601.921031999999,-23.707881000000025,-16.164464318181835,0.017229895833333602,0.0005353451693283582,,,,,,,,,,,,,,,,,,,,,,
2026-03-28 18:07:57,33.1125,-111.6335,8,,1889.46,,18,7,57,65277,5343,6198.940368,-23.15151199999998,-15.785121818181803,0.0059980612244904755,0.0001863640461281564,,,,,,,,,,,,,,,,,,,,,,
2026-03-28 18:08:14,33.11283,-111.63417,15,,1779.42,,18,8,14,65294,5360,5837.921136,-23.50994497959184,-16.0295079406308,-0.03219424489796008,-0.0010002981824738329,,,,,,,,,,,,,,,,,,,,,,
2026-03-28 18:08:46,33.1135,-111.63583,19,,1538.33,,18,8,46,65326,5392,5046.953063999999,-24.729030000000023,-16.86070227272729,0.009311379783163506,0.00028931122015575587,,,,,,,,,,,,,,,,,,,,,,
2026-03-28 18:09:02,33.114,-111.637,28,,1417.62,,18,9,2,65342,5408,4650.927695999999,-23.06299874999999,-15.724771874999993,0.05470135937500109,0.001699610304111485,,,,,,,,,,,,,,,,,,,,,,
2026-03-28 18:09:18,33.1145,-111.63833,31,,1313.38,,18,9,18,65358,5424,4308.937104,-22.978586499999988,-15.667218068181809,0.017484610012754958,0.0005432593208027306,,,,,,,,,,,,,,,,,,,,,,
2026-03-28 18:09:50,33.11533,-111.64217,42,,1081.43,,18,9,50,65390,5456,3547.9555439999995,-22.223737469387753,-15.15254827458256,0.04719447031539876,0.0014663658995244801,,,,,,,,,,,,,,,,,,,,,,
2026-03-28 18:10:07,33.11517,-111.64417,40,,981.46,,18,10,7,65407,5473,3219.973968,-20.66605745454545,-14.09049371900826,0.0005883933209650157,1.8281800719554734e-05,,,,,,,,,,,,,,,,,,,,,,
2026-03-28 18:10:23,33.115,-111.64683,56,,873.56,,18,10,23,65423,5489,2865.9756479999996,-22.204320489795908,-15.139309424860846,0.41506542699004123,0.01289637926100796,,,,,,,,,,,,,,,,,,,,,,
2026-03-28 18:10:56,33.11517,-111.65217,54,,649.83,,18,10,56,65456,5522,2131.9622640000002,-0.32785153203342615,-0.223535135477336,0.006173141760804885,0.0001918039234359464,,,,,,,,,,,,,,,,,,,,,,
2026-03-28 19:10:13,33.11517,-111.6535,,,514.81,,19,10,13,69013,9079,1688.9886479999998,-0.04274156850636824,-0.029141978527069255,3.139335768618882e-05,9.754140448013856e-07,,,,,,,,,,,,,,,,,,,,,,
2026-03-28 21:03:40,33.11533,-111.65333,3,,514.81,,21,3,40,75820,15886,1688.9886479999998,-0.002490772973765225,-0.0016982543002944718,-0.00012706064709511823,-3.947865053398075e-06,,,,,,,,,,,,,,,,,,,,,,
2026-03-28 21:03:56,33.11533,-111.6535,4,,509.63,,21,3,56,75836,15902,1671.9941039999997,-0.90967636363636,-0.6202338842975181,-0.0017911491182964546,-5.565228236445074e-05,,,,,,,,,,,,,,,,,,,,,,
2026-03-28 21:04:13,33.1155,-111.6535,4,,505.66,,21,4,13,75853,15919,1658.969328,-0.061598693877548225,-0.0419991094619647,0.027073701298701222,0.0008411992356946462,,,,,,,,,,,,,,,,,,,,,,
2026-03-28 21:04:45,33.1155,-111.65383,3,,508.71,,21,4,45,75885,15951,1668.9757679999998,0.4169349999999999,0.2842738636363636,-0.001973998565051041,-6.133354526826086e-05,,,,,,,,,,,,,,,,,,,,,,
2026-03-28 21:05:01,33.11567,-111.654,6,,511.76,,21,5,1,75901,15967,1678.982208,-0.1563506249999982,-0.10660269886363515,-0.008006405723314616,-0.0002487647440890022,,,,,,,,,,,,,,,,,,,,,,
2026-03-28 21:05:49,33.11583,-111.654,1,,505.66,,21,5,49,75949,16015,1658.969328,-0.09547496629213557,-0.06509656792645607,0.0008783742977527988,2.7291716776047973e-05,,,,,,,,,,,,,,,,,,,,,,
2026-03-28 21:07:59,33.11667,-111.65433,3,,506.58,,21,7,59,76079,16145,1661.9876639999998,0,0,-0.002042609819916841,-6.346534595987631e-05,,,,,,,,,,,,,,,,,,,,,,
2026-03-28 21:08:15,33.11683,-111.65433,4,,505.66,,21,8,15,76095,16161,1658.969328,-0.3936959999999944,-0.26842909090908706,-0.021443737062936993,-0.0006662722259052514,,,,,,,,,,,,,,,,,,,,,,
2026-03-28 21:08:32,33.11667,-111.65433,4,,502.62,,21,8,32,76112,16178,1648.995696,-0.7076433230769208,-0.4824840839160824,0.00204089899665544,6.341218945925523e-05,,,,,,,,,,,,,,,,,,,,,,
2026-03-28 21:09:20,33.117,-111.65433,,,491.64,,21,9,20,76160,16226,1612.972512,-0.2610375652173908,-0.17798015810276646,0.003769753992822115,0.00011712894895796641,,,,,,,,,,,,,,,,,,,,,,
2026-03-28 21:11:13,33.11783,-111.655,4,,489.81,,21,11,13,76273,16339,1606.968648,-0.10071293023256023,-0.06866790697674562,0.0004499074823053499,1.3978946804244992e-05,,,,,,,,,,,,,,,,,,,,,,
2026-03-28 21:11:29,33.118,-111.655,4,,487.68,,21,11,29,76289,16355,1599.9805439999998,-0.20299950000000067,-0.13840875000000047,-0.004020934539190311,-0.00012493330792961635,,,,,,,,,,,,,,,,,,,,,,
2026-03-28 21:12:17,33.11817,-111.65533,3,,485.85,,21,12,17,76337,16403,1593.97668,-0.3580527407407401,-0.24412686868686828,-0.0018620019943020151,-5.785373182586976e-05,,,,,,,,,,,,,,,,,,,,,,
2026-03-28 21:12:50,33.1185,-111.6555,4,,478.84,,21,12,50,76370,16436,1570.9782719999998,-0.3538216615384639,-0.24124204195804355,,,,,,,,,,,,,,,,,,,,,,,,
2026-03-28 21:13:22,33.11883,-111.6555,4,,478.84,,21,13,22,76402,16468,1570.9782719999998,,,,,,,,,,,,,,,,,,,,,,,,,,
